Design Name,SHERA 550-73nmNotch filter Rev-A,,,,,
Center Wavelength (nm),570nm,,,,,
Incident Angle (deg),0,,,,,
Wavelength (nm),R (%),T (%),,,,
350,24.720525,75.279475,,,,
352,6.882358,93.117642,,,,
354,3.395725,96.604275,,,,
356,0.272383,99.727617,,,,
358,0.626342,99.373658,,,,
360,1.316965,98.683035,,,,
362,1.307706,98.692294,,,,
364,1.696288,98.303712,,,,
366,1.101136,98.898864,,,,
368,0.078424,99.921576,,,,
370,1.112338,98.887662,,,,
372,2.952975,97.047025,,,,
374,2.664988,97.335012,,,,
376,0.797684,99.202316,,,,
378,0.007535,99.992465,,,,
380,0.696356,99.303644,,,,
382,1.460823,98.539177,,,,
384,2.024973,97.975027,,,,
386,2.606758,97.393242,,,,
388,2.446458,97.553542,,,,
390,1.142958,98.857042,,,,
392,0.160271,99.839729,,,,
394,1.072485,98.927515,,,,
396,2.850381,97.149619,,,,
398,3.210376,96.789624,,,,
400,1.770224,98.229776,,,,
402,0.5415,99.4585,,,,
404,0.900845,99.099155,,,,
406,2.383666,97.616334,,,,
408,3.388261,96.611739,,,,
410,3.020569,96.979431,,,,
412,1.706008,98.293992,,,,
414,0.509771,99.490229,,,,
416,0.084856,99.915144,,,,
418,0.31579,99.68421,,,,
420,0.85053,99.14947,,,,
422,1.562378,98.437622,,,,
424,2.37901,97.62099,,,,
426,2.959614,97.040386,,,,
428,2.835184,97.164816,,,,
430,1.915145,98.084855,,,,
432,0.790141,99.209859,,,,
434,0.395814,99.604186,,,,
436,1.155772,98.844228,,,,
438,2.489839,97.510161,,,,
440,3.342648,96.657352,,,,
442,3.070006,96.929994,,,,
444,1.89895,98.10105,,,,
446,0.75536,99.24464,,,,
448,0.557066,99.442934,,,,
450,1.445632,98.554368,,,,
452,2.561019,97.438981,,,,
454,3.270264,96.729736,,,,
456,3.219361,96.780639,,,,
458,2.496258,97.503742,,,,
460,1.491557,98.508443,,,,
462,0.633195,99.366805,,,,
464,0.159014,99.840986,,,,
466,0.075307,99.924693,,,,
468,0.291645,99.708355,,,,
470,0.758896,99.241104,,,,
472,1.469311,98.530689,,,,
474,2.333551,97.666449,,,,
476,3.093062,96.906938,,,,
478,3.390766,96.609234,,,,
480,2.979936,97.020064,,,,
482,1.945212,98.054788,,,,
484,0.791728,99.208272,,,,
486,0.259697,99.740303,,,,
488,0.837739,99.162261,,,,
490,2.308178,97.691822,,,,
492,3.806424,96.193576,,,,
494,4.37765,95.62235,,,,
496,3.581386,96.418614,,,,
498,1.851901,98.148099,,,,
500,0.430199,99.569801,,,,
502,0.49834,99.50166,,,,
504,1.833823,98.166177,,,,
506,2.744929,97.255071,,,,
508,2.63357,97.36643,,,,
510,7.658576,92.341424,,,,
512,30.602344,69.397656,,,,
514,62.290813,37.709187,,,,
516,82.439958,17.560042,,,,
518,91.703153,8.296847,,,,
520,95.780508,4.219492,,,,
522,97.672541,2.327459,,,,
524,98.616405,1.383595,,,,
526,99.121132,0.878868,,,,
528,99.408086,0.591914,,,,
530,99.580028,0.419972,,,,
532,99.687717,0.312283,,,,
534,99.757667,0.242333,,,,
536,99.804415,0.195585,,,,
538,99.836275,0.163725,,,,
540,99.858171,0.141829,,,,
542,99.873092,0.126908,,,,
544,99.882878,0.117122,,,,
546,99.888649,0.111351,,,,
548,99.891021,0.108979,,,,
550,99.890313,0.109687,,,,
552,99.88652,0.11348,,,,
554,99.879352,0.120648,,,,
556,99.868198,0.131802,,,,
558,99.852024,0.147976,,,,
560,99.8292,0.1708,,,,
562,99.797193,0.202807,,,,
564,99.752051,0.247949,,,,
566,99.687486,0.312514,,,,
568,99.593263,0.406737,,,,
570,99.4522,0.5478,,,,
572,99.234416,0.765584,,,,
574,98.885797,1.114203,,,,
576,98.303709,1.696291,,,,
578,97.283315,2.716685,,,,
580,95.392598,4.607402,,,,
582,91.671147,8.328853,,,,
584,83.935367,16.064633,,,,
586,67.712384,32.287616,,,,
588,38.606238,61.393762,,,,
590,8.566064,91.433936,,,,
592,0.523638,99.476362,,,,
594,6.715612,93.284388,,,,
596,12.710189,87.289811,,,,
598,14.674075,85.325925,,,,
600,13.047278,86.952722,,,,
602,9.206075,90.793925,,,,
604,4.809124,95.190876,,,,
606,1.443377,98.556623,,,,
608,0.057637,99.942363,,,,
610,0.608041,99.391959,,,,
612,2.308046,97.691954,,,,
614,4.20685,95.79315,,,,
616,5.601761,94.398239,,,,
618,6.150261,93.849739,,,,
620,5.81788,94.18212,,,,
622,4.791142,95.208858,,,,
624,3.396675,96.603325,,,,
626,2.017924,97.982076,,,,
628,1.000375,98.999625,,,,
630,0.560998,99.439002,,,,
632,0.737074,99.262926,,,,
634,1.398597,98.601403,,,,
636,2.3135,97.6865,,,,
638,3.228947,96.771053,,,,
640,3.935005,96.064995,,,,
642,4.297939,95.702061,,,,
644,4.26796,95.73204,,,,
646,3.871952,96.128048,,,,
648,3.195996,96.804004,,,,
650,2.366119,97.633881,,,,
652,1.523698,98.476302,,,,
654,0.799386,99.200614,,,,
656,0.289408,99.710592,,,,
658,0.04001,99.95999,,,,
660,0.043807,99.956193,,,,
662,0.249561,99.750439,,,,
664,0.579687,99.420313,,,,
666,0.950343,99.049657,,,,
668,1.28855,98.71145,,,,
670,1.54338,98.45662,,,,
672,1.690672,98.309328,,,,
674,1.732033,98.267967,,,,
676,1.689874,98.310126,,,,
678,1.599725,98.400275,,,,
680,1.501377,98.498623,,,,
682,1.430215,98.569785,,,,
684,1.410177,98.589823,,,,
686,1.449585,98.550415,,,,
688,1.540435,98.459565,,,,
690,1.661011,98.338989,,,,
692,1.780989,98.219011,,,,
694,1.867722,98.132278,,,,
696,1.89242,98.10758,,,,
698,1.835287,98.164713,,,,
700,1.68891,98.31109,,,,
702,1.4598,98.5402,,,,
704,1.167907,98.832093,,,,
706,0.844357,99.155643,,,,
708,0.527802,99.472198,,,,
710,0.258586,99.741414,,,,
712,0.07365,99.92635,,,,
714,0.001232,99.998768,,,,
716,0.056561,99.943439,,,,
718,0.239571,99.760429,,,,
720,0.534933,99.465067,,,,
722,0.914319,99.085681,,,,
724,1.340344,98.659656,,,,
726,1.771387,98.228613,,,,
728,2.166433,97.833567,,,,
730,2.489304,97.510696,,,,
732,2.711888,97.288112,,,,
734,2.816237,97.183763,,,,
736,2.795596,97.204404,,,,
738,2.654477,97.345523,,,,
740,2.407899,97.592101,,,,
742,2.079889,97.920111,,,,
744,1.701315,98.298685,,,,
746,1.307128,98.692872,,,,
748,0.933175,99.066825,,,,
750,0.612824,99.387176,,,,
752,0.373753,99.626247,,,,
754,0.235301,99.764699,,,,
756,0.206736,99.793264,,,,
758,0.286698,99.713302,,,,
760,0.463859,99.536141,,,,
762,0.718641,99.281359,,,,
764,1.02568,98.97432,,,,
766,1.356632,98.643368,,,,
768,1.682941,98.317059,,,,
770,1.978266,98.021734,,,,
772,2.22039,97.77961,,,,
774,2.392532,97.607468,,,,
776,2.48408,97.51592,,,,
778,2.490811,97.509189,,,,
780,2.414675,97.585325,,,,
782,2.26321,97.73679,,,,
784,2.04868,97.95132,,,,
786,1.786963,98.213037,,,,
788,1.496277,98.503723,,,,
790,1.195793,98.804207,,,,
792,0.904222,99.095778,,,,
794,0.638491,99.361509,,,,
796,0.412594,99.587406,,,,
798,0.236725,99.763275,,,,
800,0.116781,99.883219,,,,
802,0.054248,99.945752,,,,
804,0.046484,99.953516,,,,
806,0.087328,99.912672,,,,
808,0.167956,99.832044,,,,
810,0.277873,99.722127,,,,
812,0.405925,99.594075,,,,
814,0.541248,99.458752,,,,
816,0.674067,99.325933,,,,
818,0.796306,99.203694,,,,
820,0.901986,99.098014,,,,
822,0.987409,99.012591,,,,
824,1.05115,98.94885,,,,
826,1.093869,98.906131,,,,
828,1.117992,98.882008,,,,
830,1.127281,98.872719,,,,
832,1.12635,98.87365,,,,
834,1.120145,98.879855,,,,
836,1.113443,98.886557,,,,
838,1.1104,98.8896,,,,
840,1.114184,98.885816,,,,
842,1.126709,98.873291,,,,
844,1.148498,98.851502,,,,
846,1.178668,98.821332,,,,
848,1.215043,98.784957,,,,
850,1.254364,98.745636,,,,
852,1.292593,98.707407,,,,
854,1.325079,98.674921,,,,
856,1.347492,98.652508,,,,
858,1.355653,98.644347,,,,
860,1.346025,98.653975,,,,
862,1.316009,98.683991,,,,
864,1.264167,98.735833,,,,
866,1.190371,98.809629,,,,
868,1.095868,98.904132,,,,
870,0.983266,99.016734,,,,
872,0.856436,99.143564,,,,
874,0.72034,99.27966,,,,
876,0.580788,99.419212,,,,
878,0.444145,99.555855,,,,
880,0.316995,99.683005,,,,
882,0.205775,99.794225,,,,
884,0.11642,99.88358,,,,
886,0.054021,99.945979,,,,
888,0.022526,99.977474,,,,
890,0.024505,99.975495,,,,
892,0.060994,99.939006,,,,
894,0.131428,99.868572,,,,
896,0.233632,99.766368,,,,
898,0.364003,99.635997,,,,
900,0.517669,99.482331,,,,
902,0.68873,99.31127,,,,
904,0.87056,99.12944,,,,
906,1.05612,98.94388,,,,
908,1.238284,98.761716,,,,
910,1.410144,98.589856,,,,
912,1.565288,98.434712,,,,
914,1.698048,98.301952,,,,
916,1.803691,98.196309,,,,
918,1.878577,98.121423,,,,
920,1.920261,98.079739,,,,
922,1.927545,98.072455,,,,
924,1.900495,98.099505,,,,
926,1.840406,98.159594,,,,
928,1.749734,98.250266,,,,
930,1.631988,98.368012,,,,
932,1.491592,98.508408,,,,
934,1.333713,98.666287,,,,
936,1.164072,98.835928,,,,
938,0.988725,99.011275,,,,
940,0.813844,99.186156,,,,
942,0.645479,99.354521,,,,
944,0.489339,99.510661,,,,
946,0.350575,99.649425,,,,
948,0.233594,99.766406,,,,
950,0.141899,99.858101,,,,
952,0.077978,99.922022,,,,
954,0.043227,99.956773,,,,
956,0.037934,99.962066,,,,
958,0.061301,99.938699,,,,
960,0.111519,99.888481,,,,
962,0.185881,99.814119,,,,
964,0.280922,99.719078,,,,
966,0.392593,99.607407,,,,
968,0.516438,99.483562,,,,
970,0.647783,99.352217,,,,
972,0.781915,99.218085,,,,
974,0.914256,99.085744,,,,
976,1.040511,98.959489,,,,
978,1.156804,98.843196,,,,
980,1.259781,98.740219,,,,
982,1.346692,98.653308,,,,
984,1.415449,98.584551,,,,
986,1.464654,98.535346,,,,
988,1.493607,98.506393,,,,
990,1.50229,98.49771,,,,
992,1.491336,98.508664,,,,
994,1.461973,98.538027,,,,
996,1.415956,98.584044,,,,
998,1.355489,98.644511,,,,
1000,1.28313,98.71687,,,,
1002,1.204381,98.795619,,,,
1004,1.119491,98.880509,,,,
1006,1.031307,98.968693,,,,
1008,0.942632,99.057368,,,,
1010,0.856138,99.143862,,,,
1012,0.774278,99.225722,,,,
1014,0.699215,99.300785,,,,
1016,0.632792,99.367208,,,,
1018,0.576362,99.423638,,,,
1020,0.530887,99.469113,,,,
1022,0.496875,99.503125,,,,
1024,0.474382,99.525618,,,,
1026,0.463028,99.536972,,,,
1028,0.462027,99.537973,,,,
1030,0.470235,99.529765,,,,
1032,0.486206,99.513794,,,,
1034,0.508255,99.491745,,,,
1036,0.534532,99.465468,,,,
1038,0.563094,99.436906,,,,
1040,0.591981,99.408019,,,,
1042,0.619287,99.380713,,,,
1044,0.643227,99.356773,,,,
1046,0.662205,99.337795,,,,
1048,0.674861,99.325139,,,,
1050,0.680117,99.319883,,,,
1052,0.677217,99.322783,,,,
1054,0.665749,99.334251,,,,
1056,0.645658,99.354342,,,,
1058,0.61725,99.38275,,,,
1060,0.581188,99.418812,,,,
1062,0.538462,99.461538,,,,
1064,0.490388,99.509612,,,,
1066,0.438544,99.561456,,,,
1068,0.384735,99.615265,,,,
1070,0.330938,99.669062,,,,
1072,0.279245,99.720755,,,,
1074,0.231797,99.768203,,,,
1076,0.190721,99.809279,,,,
1078,0.158057,99.841943,,,,
1080,0.135695,99.864305,,,,
1082,0.125309,99.874691,,,,
1084,0.128293,99.871707,,,,
1086,0.145715,99.854285,,,,
1088,0.178276,99.821724,,,,
1090,0.226271,99.773729,,,,
1092,0.289575,99.710425,,,,
1094,0.367626,99.632374,,,,
1096,0.459434,99.540566,,,,
1098,0.563596,99.436404,,,,
1100,0.678321,99.321679,,,,